{"mae": 0.02301523670917604, "rmse": 0.03993604131424328, "mape": 3.7227719389157095, "accuracy": 49.06015037593985, "hit_rate": 75.046904315197}