{"mae": 0.03407569741052688, "rmse": 0.05366730406144477, "mape": 5.350331320581503, "accuracy": 50.371747211895915, "hit_rate": 55.84415584415584}