{"mae": 0.022082079319431965, "rmse": 0.03884166002291791, "mape": 3.55119564136986, "accuracy": 50.55762081784386, "hit_rate": 76.99443413729128}