{"mae": 2046.4056766055046, "rmse": 3006.2134493100984, "mape": 3.0768279259668208, "accuracy": 46.58792650918635, "hit_rate": 78.89908256880734}