{"mae": 3806.352324447334, "rmse": 6111.160351664115, "mape": 5.476833786198166, "accuracy": 46.35416666666667, "hit_rate": 58.777633289986994}