{"mae": 2076.8457285232444, "rmse": 3041.392702441834, "mape": 3.0806106727330573, "accuracy": 46.875, "hit_rate": 78.67360208062418}