{"mae": 95.32032647052357, "rmse": 128.7608825193054, "mape": 3.3762272847859425, "accuracy": 46.2406015037594, "hit_rate": 80.48780487804879}