{"mae": 158.81978070400444, "rmse": 200.47251064157882, "mape": 5.7462149115422125, "accuracy": 48.1203007518797, "hit_rate": 52.908067542213885}