{"mae": 75.20003455956476, "rmse": 103.35335050174781, "mape": 2.670524955262295, "accuracy": 44.866920152091254, "hit_rate": 88.23529411764706}