{"mae": 6.136140398297991, "rmse": 8.391097700325739, "mape": 3.651438490507123, "accuracy": 50.429799426934096, "hit_rate": 74.0}