{"mae": 6.13130124773298, "rmse": 8.447130421507037, "mape": 3.633092376482921, "accuracy": 49.570200573065904, "hit_rate": 73.14285714285714}