{"mae": 13.31347163339679, "rmse": 16.736615601300986, "mape": 7.947940003194281, "accuracy": 45.91549295774648, "hit_rate": 34.26966292134831}