{"mae": 0.06341799511176585, "rmse": 0.12571658642993797, "mape": 4.020788915011293, "accuracy": 46.38783269961977, "hit_rate": 70.77798861480076}