{"mae": 0.23852259407238086, "rmse": 0.41186131789072467, "mape": 16.218405032844004, "accuracy": 49.07063197026022, "hit_rate": 6.679035250463822}