{"mae": 0.04441814608094362, "rmse": 0.09320835648891779, "mape": 3.213293095332242, "accuracy": 45.81749049429658, "hit_rate": 80.64516129032258}